-- users
INSERT INTO users (id, first_name, last_name, email)
VALUES
    (1, "Brandy", "Stevenson", "brandy@mail.com"),
    (2, "John", "Doe", "john.doe@mail.com"),
    (3, "Jane", "Smith", "jane.smith@mail.com"),
    (4, "Alice", "Johnson", "alice.johnson@mail.com"),
    (5, "Bob", "Brown", "bob.brown@mail.com"),
    (6, "Charlie", "Davis", "charlie.davis@mail.com"),
    (7, "David", "Wilson", "david.wilson@mail.com"),
    (8, "Eve", "Miller", "eve.miller@mail.com"),
    (9, "Frank", "Moore", "frank.moore@mail.com"),
    (10, "Grace", "Taylor", "grace.taylor@mail.com"),
    (11, "Hank", "Anderson", "hank.anderson@mail.com");

-- goals
INSERT INTO goals (id, created_at, title, owner)
VALUES
    (1, "2025-01-25 18:33:14", "Goal 1", 1),
    (2, "2025-02-01 12:00:00", "Goal 2", 2),
    (3, "2025-02-05 14:30:00", "Goal 3", 3),
    (4, "2025-02-10 09:15:00", "Goal 4", 4),
    (5, "2025-02-15 16:45:00", "Goal 5", 5),
    (6, "2025-02-20 11:20:00", "Goal 6", 6),
    (7, "2025-02-25 08:00:00", "Goal 7", 7),
    (8, "2025-03-01 13:50:00", "Goal 8", 8),
    (9, "2025-03-05 10:10:00", "Goal 9", 9),
    (10, "2025-03-10 15:30:00", "Goal 10", 10),
    (11, "2025-03-15 17:00:00", "Goal 11", 11),
    (12, "2025-03-20 12:45:00", "Goal 12", 1),
    (13, "2025-03-25 14:20:00", "Goal 13", 2),
    (14, "2025-04-01 09:30:00", "Goal 14", 3),
    (15, "2025-04-05 16:10:00", "Goal 15", 4),
    (16, "2025-04-10 11:50:00", "Goal 16", 5),
    (17, "2025-04-15 08:40:00", "Goal 17", 6),
    (18, "2025-04-20 13:25:00", "Goal 18", 7),
    (19, "2025-04-25 10:55:00", "Goal 19", 8),
    (20, "2025-05-01 15:15:00", "Goal 20", 9),
    (21, "2025-05-05 17:30:00", "Goal 21", 10),
    (22, "2025-05-10 12:05:00", "Goal 22", 11),
    (23, "2025-05-15 14:40:00", "Goal 23", 1),
    (24, "2025-05-20 09:20:00", "Goal 24", 2),
    (25, "2025-05-25 16:50:00", "Goal 25", 3),
    (26, "2025-06-01 11:30:00", "Goal 26", 4),
    (27, "2025-06-05 08:15:00", "Goal 27", 5),
    (28, "2025-06-10 13:55:00", "Goal 28", 6),
    (29, "2025-06-15 10:45:00", "Goal 29", 7),
    (30, "2025-06-20 15:35:00", "Goal 30", 8),
    (31, "2025-06-25 17:10:00", "Goal 31", 9);

-- entries
INSERT INTO entries (id, created_at, goal_id, text_content, goal_completed)
VALUES
    (1, "2025-07-01 18:40:24", 1, "Random text content", true),
    (2, "2025-07-02 12:00:00", 2, "More random text content", false),
    (3, "2025-07-03 14:30:00", 3, "Another random text content", true),
    (4, "2025-07-04 09:15:00", 4, "Yet another random text content", false),
    (5, "2025-07-05 16:45:00", 5, "Some more random text content", true),
    (6, "2025-07-06 11:20:00", 6, "Different random text content", false),
    (7, "2025-07-07 08:00:00", 7, "Additional random text content", true),
    (8, "2025-07-08 13:50:00", 8, "Extra random text content", false),
    (9, "2025-07-09 10:10:00", 9, "Further random text content", true),
    (10, "2025-07-10 15:30:00", 10, "More and more random text content", false),
    (11, "2025-07-11 17:00:00", 11, "Random text content again", true),
    (12, "2025-07-12 12:45:00", 1, "Random text content once more", false),
    (13, "2025-07-13 14:20:00", 2, "Random text content yet again", true),
    (14, "2025-07-14 09:30:00", 3, "Random text content continues", false),
    (15, "2025-07-15 16:10:00", 4, "Random text content persists", true),
    (16, "2025-07-16 11:50:00", 5, "Random text content goes on", false),
    (17, "2025-07-17 08:40:00", 6, "Random text content keeps going", true),
    (18, "2025-07-18 13:25:00", 7, "Random text content never ends", false),
    (19, "2025-07-19 10:55:00", 8, "Random text content forever", true),
    (20, "2025-07-20 15:15:00", 9, "Random text content eternally", false),
    (21, "2025-07-21 17:30:00", 10, "Random text content infinitely", true),
    (22, "2025-07-22 12:05:00", 11, "Random text content unending", false),
    (23, "2025-07-23 14:40:00", 1, "Random text content ceaseless", true),
    (24, "2025-07-24 09:20:00", 2, "Random text content perpetual", false),
    (25, "2025-07-25 16:50:00", 3, "Random text content unceasing", true),
    (26, "2025-07-26 11:30:00", 4, "Random text content unbroken", false),
    (27, "2025-07-27 08:15:00", 5, "Random text content uninterrupted", true),
    (28, "2025-07-28 13:55:00", 6, "Random text content constant", false),
    (29, "2025-07-29 10:45:00", 7, "Random text content steady", true),
    (30, "2025-07-30 15:35:00", 8, "Random text content unrelenting", false),
    (31, "2025-07-31 17:10:00", 9, "Random text content unyielding", true),
    (32, "2025-08-01 18:40:24", 10, "Random text content persistent", false),
    (33, "2025-08-02 12:00:00", 11, "Random text content enduring", true),
    (34, "2025-08-03 14:30:00", 1, "Random text content lasting", false),
    (35, "2025-08-04 09:15:00", 2, "Random text content abiding", true),
    (36, "2025-08-05 16:45:00", 3, "Random text content continuing", false),
    (37, "2025-08-06 11:20:00", 4, "Random text content ongoing", true),
    (38, "2025-08-07 08:00:00", 5, "Random text content unending", false),
    (39, "2025-08-08 13:50:00", 6, "Random text content ceaseless", true),
    (40, "2025-08-09 10:10:00", 7, "Random text content perpetual", false),
    (41, "2025-08-10 15:30:00", 8, "Random text content unceasing", true),
    (42, "2025-08-11 17:00:00", 9, "Random text content unbroken", false),
    (43, "2025-08-12 12:45:00", 10, "Random text content uninterrupted", true),
    (44, "2025-08-13 14:20:00", 11, "Random text content constant", false),
    (45, "2025-08-14 09:30:00", 1, "Random text content steady", true),
    (46, "2025-08-15 16:10:00", 2, "Random text content unrelenting", false),
    (47, "2025-08-16 11:50:00", 3, "Random text content unyielding", true),
    (48, "2025-08-17 08:40:00", 4, "Random text content persistent", false),
    (49, "2025-08-18 13:25:00", 5, "Random text content enduring", true),
    (50, "2025-08-19 10:55:00", 6, "Random text content lasting", false),
    (51, "2025-08-20 15:15:00", 7, "Random text content abiding", true),
    (52, "2025-08-21 17:30:00", 8, "Random text content continuing", false),
    (53, "2025-08-22 12:05:00", 9, "Random text content ongoing", true),
    (54, "2025-08-23 14:40:00", 10, "Random text content unending", false),
    (55, "2025-08-24 09:20:00", 11, "Random text content ceaseless", true),
    (56, "2025-08-25 16:50:00", 1, "Random text content perpetual", false),
    (57, "2025-08-26 11:30:00", 2, "Random text content unceasing", true),
    (58, "2025-08-27 08:15:00", 3, "Random text content unbroken", false),
    (59, "2025-08-28 13:55:00", 4, "Random text content uninterrupted", true),
    (60, "2025-08-29 10:45:00", 5, "Random text content constant", false),
    (61, "2025-08-30 15:35:00", 6, "Random text content steady", true),
    (62, "2025-08-31 17:10:00", 7, "Random text content unrelenting", false),
    (63, "2025-09-01 18:40:24", 8, "Random text content unyielding", true),
    (64, "2025-09-02 12:00:00", 9, "Random text content persistent", false),
    (65, "2025-09-03 14:30:00", 10, "Random text content enduring", true),
    (66, "2025-09-04 09:15:00", 11, "Random text content lasting", false),
    (67, "2025-09-05 16:45:00", 1, "Random text content abiding", true),
    (68, "2025-09-06 11:20:00", 2, "Random text content continuing", false),
    (69, "2025-09-07 08:00:00", 3, "Random text content ongoing", true),
    (70, "2025-09-08 13:50:00", 4, "Random text content unending", false),
    (71, "2025-09-09 10:10:00", 5, "Random text content ceaseless", true),
    (72, "2025-09-10 15:30:00", 6, "Random text content perpetual", false),
    (73, "2025-09-11 17:00:00", 7, "Random text content unceasing", true),
    (74, "2025-09-12 12:45:00", 8, "Random text content unbroken", false),
    (75, "2025-09-13 14:20:00", 9, "Random text content uninterrupted", true),
    (76, "2025-09-14 09:30:00", 10, "Random text content constant", false),
    (77, "2025-09-15 16:10:00", 11, "Random text content steady", true),
    (78, "2025-09-16 11:50:00", 1, "Random text content unrelenting", false),
    (79, "2025-09-17 08:40:00", 2, "Random text content unyielding", true),
    (80, "2025-09-18 13:25:00", 3, "Random text content persistent", false),
    (81, "2025-09-19 10:55:00", 4, "Random text content enduring", true),
    (82, "2025-09-20 15:15:00", 5, "Random text content lasting", false),
    (83, "2025-09-21 17:30:00", 6, "Random text content abiding", true),
    (84, "2025-09-22 12:05:00", 7, "Random text content continuing", false),
    (85, "2025-09-23 14:40:00", 8, "Random text content ongoing", true),
    (86, "2025-09-24 09:20:00", 9, "Random text content unending", false),
    (87, "2025-09-25 16:50:00", 10, "Random text content ceaseless", true),
    (88, "2025-09-26 11:30:00", 11, "Random text content perpetual", false),
    (89, "2025-09-27 08:15:00", 1, "Random text content unceasing", true),
    (90, "2025-09-28 13:55:00", 2, "Random text content unbroken", false),
    (91, "2025-09-29 10:45:00", 3, "Random text content uninterrupted", true),
    (92, "2025-09-30 15:35:00", 4, "Random text content constant", false),
    (93, "2025-10-01 17:10:00", 5, "Random text content steady", true),
    (94, "2025-10-02 18:40:24", 6, "Random text content unrelenting", false),
    (95, "2025-10-03 12:00:00", 7, "Random text content unyielding", true),
    (96, "2025-10-04 14:30:00", 8, "Random text content persistent", false),
    (97, "2025-10-05 09:15:00", 9, "Random text content enduring", true),
    (98, "2025-10-06 16:45:00", 10, "Random text content lasting", false),
    (99, "2025-10-07 11:20:00", 11, "Random text content abiding", true),
    (100, "2025-10-08 08:00:00", 1, "Random text content continuing", false),
    (101, "2025-10-09 13:50:00", 2, "Random text content ongoing", true);

INSERT INTO share_records (created_at, goal_id, shared_with, accepted)
VALUES
    ("2025-01-09 13:50:01", 1, 2, 1),
    ("2025-01-09 13:50:01", 1, 4, 1),
    ("2025-01-09 13:50:01", 1, 7, 0),
    ("2025-01-09 13:50:01", 7, 1, 1),
    ("2025-01-09 13:50:01", 7, 2, 1),
    ("2025-01-09 13:50:01", 7, 3, 1),
    ("2025-01-09 13:50:01", 7, 4, 1),
    ("2025-01-09 13:50:01", 7, 5, 1),
    ("2025-01-09 13:50:01", 22, 1, 1),
    ("2025-01-09 13:50:01", 22, 2, 1),
    ("2025-01-09 13:50:01", 22, 10, 1),
    ("2025-01-09 13:50:01", 22, 7, 1),
    ("2025-01-09 13:50:01", 22, 8, 0),
    ("2025-01-09 13:50:01", 22, 9, 1);